dish_name,floor,stall_name,category,pricing_type,price,unit,taste_tag,is_available_today
奥尔良鸡肉包,一楼,大众面点,主食,fixed,1.2,个,不辣,是
鲜肉包,一楼,大众面点,主食,fixed,1.2,个,不辣,是
香菇青菜包,一楼,大众面点,主食,fixed,1,个,不辣,是
香辣粉丝包,一楼,大众面点,主食,fixed,1,个,微辣,是
香辣莲藕包,一楼,大众面点,主食,fixed,1,个,微辣,是
豆沙包,一楼,大众面点,主食,fixed,1,个,不辣,是
腌菜鸡蛋包,一楼,大众面点,主食,fixed,1,个,不辣,是
小春卷,一楼,大众面点,主食,fixed,0.5,个,不辣,是
小笼包,一楼,大众面点,主食,fixed,0.5,个,不辣,是
蒸饺,一楼,大众面点,主食,fixed,0.5,个,不辣,是
黑米糕,一楼,大众面点,主食,fixed,0.75,个,不辣,是
奶黄包,一楼,大众面点,主食,fixed,1,个,甜,是
紫薯包,一楼,大众面点,主食,fixed,1,个,不辣,是
红糖发糕,一楼,大众面点,主食,fixed,1.5,块,甜,是
桂花白糖方糕,一楼,大众面点,主食,fixed,2,个,甜,是
红豆卷,一楼,大众面点,主食,fixed,2,个,甜,是
玉米棒,一楼,大众面点,主食,fixed,4,根,不辣,是
黄金糕,一楼,大众面点,主食,fixed,4,块,甜,是
汤包,一楼,大众面点,主食,fixed,5,笼,不辣,是
燕红薯,一楼,大众面点,主食,per_jin,5,斤,不辣,是
白馒头,一楼,大众面点,主食,fixed,0.25,个,清淡,是
花卷,一楼,大众面点,主食,fixed,0.3,个,不辣,是
夹心糕,一楼,大众面点,主食,fixed,0.3,个,不辣,是
黑米馒头,一楼,大众面点,主食,fixed,0.4,个,不辣,是
肉包,一楼,大众面点,主食,fixed,0.5,个,清淡,是
夹心馒头,一楼,大众面点,主食,fixed,0.8,个,不辣,是
油条,一楼,大众面点,主食,fixed,1,个,不辣,是
烧麦,一楼,大众面点,主食,fixed,1.5,个,不辣,是
麻园,一楼,大众面点,主食,fixed,1.5,个,不辣,是
鸡冠饺,一楼,大众面点,主食,fixed,1.5,个,不辣,是
白米粥,一楼,大众面点,主食,fixed,1,份,清淡,是
小米粥,一楼,大众面点,主食,fixed,1,份,清淡,是
八宝粥,一楼,大众面点,主食,fixed,2,份,清淡,是
皮蛋粥,一楼,大众面点,主食,fixed,2,份,清淡,是
花生红豆粥,一楼,大众面点,主食,fixed,2,份,清淡,是
蜜枣粽子,一楼,大众面点,小吃,fixed,2.8,份,清淡,是
豆沙粽子,一楼,大众面点,小吃,fixed,2.8,份,甜,是
香菇肉粽,一楼,大众面点,小吃,fixed,3.5,份,清淡,是
牛肉粽子,一楼,大众面点,小吃,fixed,3.5,份,清淡,是
蛋黄肉粽,一楼,大众面点,小吃,fixed,5.5,份,清淡,是
米酒汤圆,一楼,大众面点,小吃,fixed,2,份,甜,是
鲜肉小馄饨,一楼,大众面点,主食,fixed,6,份,清淡,是
鸡蛋炒面,一楼,大众面点,主食,fixed,5,份,清淡,是
鸡蛋炒饭,一楼,大众面点,主食,fixed,5,份,清淡,是
鸡蛋炒粉,一楼,大众面点,主食,fixed,5,份,清淡,是
鸡蛋炒豆丝,一楼,大众面点,主食,fixed,5,份,清淡,是
鸡蛋炒粉丝,一楼,大众面点,主食,fixed,5,份,清淡,是
香菇猪肉水饺,一楼,大众面点,主食,fixed,8,份,清淡,是
红糖馒头,一楼,大众面点,主食,fixed,1,份,甜,是
银耳粥,一楼,大众面点,主食,fixed,1.2,份,清淡,是
青菜粥,一楼,大众面点,主食,fixed,1.5,份,清淡,是
绿豆粥,一楼,大众面点,主食,fixed,1.5,份,清淡,是
辣子鸡,一楼,自选菜,荤菜,by_weight,2.7,两,微辣,是
蒸大丰收,一楼,自选菜,荤菜,by_weight,0.9,两,微辣,是
黄焖元子,一楼,自选菜,荤菜,by_weight,2.2,两,微辣,是
宫保鸡丁,一楼,自选菜,荤菜,by_weight,2.3,两,微辣,是
清炒白菜秧,一楼,自选菜,素菜,by_weight,0.9,两,清淡,是
蒙古肉,一楼,自选菜,荤菜,by_weight,3.5,两,微辣,是
干锅花菜,一楼,自选菜,素菜,by_weight,1.3,两,微辣,是
米粉蒸肉,一楼,自选菜,荤菜,by_weight,2.9,两,蒜香,是
糖醋里脊,一楼,自选菜,荤菜,by_weight,2.7,两,甜,是
豆角烧茄子,一楼,自选菜,素菜,by_weight,1.2,两,微辣,是
脆炸藕夹,一楼,自选菜,素菜,by_weight,1.9,两,不辣,是
怪味带鱼,一楼,自选菜,荤菜,by_weight,3,两,不辣,是
农家小炒肉,一楼,自选菜,荤菜,by_weight,2.8,两,不辣,是
香菇烧鸡块,一楼,自选菜,荤菜,by_weight,2.4,两,不辣,是
米粉蒸南瓜,一楼,自选菜,素菜,by_weight,1.2,两,不辣,是
橄榄菜豆角,一楼,自选菜,素菜,by_weight,1.3,两,不辣,是
干子肉丝,一楼,自选菜,荤菜,by_weight,1.5,两,不辣,是
番茄炒鸡蛋,一楼,自选菜,荤菜,by_weight,1.5,两,不辣,是
麻婆豆腐,一楼,自选菜,素菜,by_weight,1,两,不辣,是
蒸水蛋,一楼,自选菜,荤菜,by_weight,1,两,不辣,是
风味烤肠,一楼,自选菜,荤菜,by_weight,1.7,两,不辣,是
糍粑鱼,一楼,自选菜,荤菜,by_weight,2.2,两,不辣,是
手撕包菜,一楼,自选菜,荤菜,by_weight,0.6,两,不辣,是
水煮肉片,一楼,自选菜,荤菜,by_weight,3.5,两,不辣,是
酸辣土豆丝,一楼,自选菜,素菜,by_weight,0.8,两,微辣,是
鱼香肉丝,一楼,自选菜,荤菜,by_weight,1.6,两,不辣,是
红烧鸭翅,一楼,自选菜,荤菜,by_weight,3,两,不辣,是
爆炒猪肝,一楼,自选菜,荤菜,by_weight,2.2,两,不辣,是
清炒油麦菜,一楼,自选菜,素菜,by_weight,0.9,两,不辣,是
青豆米炒鸡丁,一楼,自选菜,荤菜,by_weight,1.5,两,不辣,是
口味脆偶,一楼,自选菜,素菜,by_weight,1.2,两,不辣,是
玉米火腿肠,一楼,自选菜,荤菜,by_weight,1.4,两,不辣,是
虎皮青椒,一楼,自选菜,素菜,by_weight,1.3,两,不辣,是
剁椒金针菇,一楼,自选菜,素菜,by_weight,1.2,两,不辣,是
酸梅汤,一楼,豆浆饮品,饮品,fixed,2,份,酸,是
柠檬水,一楼,豆浆饮品,饮品,fixed,2,份,甜,是
牛奶,一楼,豆浆饮品,饮品,fixed,2,份,甜,是
燕麦牛奶,一楼,豆浆饮品,饮品,fixed,3,份,甜,是
米露牛奶,一楼,豆浆饮品,饮品,fixed,3,份,甜,是
椰果牛奶,一楼,豆浆饮品,饮品,fixed,3,份,甜,是
红枣枸杞银耳,一楼,豆浆饮品,饮品,fixed,3,份,清淡,是
原味豆花,一楼,豆浆饮品,饮品,fixed,3,份,甜,是
红豆豆花,一楼,豆浆饮品,饮品,fixed,4,份,甜,是
绿豆豆花,一楼,豆浆饮品,饮品,fixed,4,份,甜,是
水果豆花,一楼,豆浆饮品,饮品,fixed,4,份,甜,是
芋圆豆花,一楼,豆浆饮品,饮品,fixed,4,份,甜,是
龟苓膏豆花,一楼,豆浆饮品,饮品,fixed,4,份,甜,是
椰果豆花,一楼,豆浆饮品,饮品,fixed,4,份,甜,是
布丁豆花,一楼,豆浆饮品,饮品,fixed,4,份,甜,是
八宝豆豆花,一楼,豆浆饮品,饮品,fixed,4,份,甜,是
葡萄干豆花,一楼,豆浆饮品,饮品,fixed,5,份,甜,是
薏仁豆花,一楼,豆浆饮品,饮品,fixed,4,份,甜,是
双拼豆花,一楼,豆浆饮品,饮品,fixed,6,份,甜,是
西瓜汁,一楼,豆浆饮品,饮品,fixed,5,份,甜,是
黄豆豆浆,一楼,豆浆饮品,饮品,fixed,2,份,甜,是
珍珠米酒,一楼,豆浆饮品,饮品,fixed,3,份,甜,是
绿豆沙(热),一楼,豆浆饮品,饮品,fixed,2,份,甜,是
绿豆沙(冷),一楼,豆浆饮品,饮品,fixed,2.5,份,甜,是
冰粉,一楼,豆浆饮品,饮品,fixed,8,份,甜,是
清补凉,一楼,豆浆饮品,饮品,fixed,10,份,甜,是
花生红豆黑米羹,一楼,豆浆饮品,饮品,fixed,3,份,甜,是
可口可乐,一楼,豆浆饮品,饮品,fixed,3,份,甜,是
冰露矿泉水,一楼,豆浆饮品,饮品,fixed,1.5,份,甜,是
农夫山泉矿泉水,一楼,豆浆饮品,饮品,fixed,2,份,无味,是
怡宝矿泉水,一楼,豆浆饮品,饮品,fixed,2,份,无味,是
咖啡奶茶,一楼,豆浆饮品,饮品,fixed,5,份,甜,是
红枣红糖生姜茶,一楼,豆浆饮品,饮品,fixed,3,份,甜,是
大杯冰豆浆,一楼,豆浆饮品,饮品,fixed,3,份,甜,是
绿豆沙(大杯),一楼,豆浆饮品,饮品,fixed,3,份,甜,是
冰爽柚子水(小杯),一楼,豆浆饮品,饮品,fixed,2,份,甜,是
美味香橙（小杯）,一楼,豆浆饮品,饮品,fixed,2,份,甜,是
美味香橙（大杯）,一楼,豆浆饮品,饮品,fixed,3,份,甜,是
康师傅矿泉水,一楼,豆浆饮品,饮品,fixed,1.5,份,甜,是
柠檬水(大杯),一楼,豆浆饮品,饮品,fixed,3,份,酸,是
酸梅汤(大杯),一楼,豆浆饮品,饮品,fixed,3,份,酸,是
烤肠卷饼,一楼,煎炸面点,小吃,fixed,4.5,份,不辣,是
鸡蛋鸡柳夹饼,一楼,煎炸面点,小吃,fixed,5,份,不辣,是
鸡蛋鸡柳卷饼,一楼,煎炸面点,小吃,fixed,5,份,不辣,是
鸡蛋牛排夹饼,一楼,煎炸面点,小吃,fixed,5,份,不辣,是
煎包,一楼,煎炸面点,小吃,fixed,5,份,不辣,是
煎饺,一楼,煎炸面点,小吃,fixed,5,份,不辣,是
鸡蛋烤肠夹饼,一楼,煎炸面点,小吃,fixed,5.5,份,不辣,是
酸奶麻花,一楼,煎炸面点,小吃,fixed,5,份,不辣,是
无糖蛋糕,一楼,煎炸面点,小吃,fixed,4.5,份,不辣,是
葱油饼,一楼,煎炸面点,小吃,fixed,3,份,不辣,是
肉夹馍,一楼,煎炸面点,小吃,fixed,6,份,不辣,是
五谷杂粮煎饼,一楼,煎炸面点,小吃,fixed,6,份,不辣,是
韭菜盒子,一楼,煎炸面点,小吃,fixed,3,份,不辣,是
菜角,一楼,煎炸面点,小吃,fixed,2,份,不辣,是
油条,一楼,煎炸面点,小吃,fixed,1,份,不辣,是
麻园,一楼,煎炸面点,小吃,fixed,1.5,份,不辣,是
肉丝焖面(大份),一楼,煎炸面点,小吃,fixed,6,份,不辣,是
肉丝焖面(小份),一楼,煎炸面点,小吃,fixed,4,份,不辣,是
酸奶麻花,一楼,煎炸面点,小吃,fixed,5,份,不辣,是
煎鸡蛋,一楼,煎炸面点,小吃,fixed,1.5,份,不辣,是
卤鸡蛋,一楼,煎炸面点,小吃,fixed,1.5,份,不辣,是
酱香饼,一楼,煎炸面点,小吃,fixed,2,份,不辣,是
韭菜饼,一楼,煎炸面点,小吃,fixed,2,份,不辣,是
红豆饼,一楼,煎炸面点,小吃,fixed,2,份,不辣,是
鸡蛋饼,一楼,煎炸面点,小吃,fixed,2,份,不辣,是
土豆卷饼,一楼,煎炸面点,小吃,fixed,2,份,不辣,是
酥饼,一楼,煎炸面点,小吃,fixed,2,份,不辣,是
千层饼,一楼,煎炸面点,小吃,fixed,2,份,不辣,是
鸡柳,一楼,煎炸面点,小吃,fixed,2,份,不辣,是
公婆饼,一楼,煎炸面点,小吃,fixed,2.5,份,不辣,是
太阳饼,一楼,煎炸面点,小吃,fixed,2.5,份,不辣,是
手抓饼,一楼,煎炸面点,小吃,fixed,3,份,不辣,是
豆皮(小份),一楼,煎炸面点,小吃,fixed,4,份,不辣,是
烤肠,一楼,煎炸面点,小吃,fixed,3,份,不辣,是
鸟巢饼,一楼,煎炸面点,小吃,fixed,3.5,份,不辣,是
土豆鸡蛋卷饼,一楼,煎炸面点,小吃,fixed,3.5,份,不辣,是
豆皮(大份),一楼,煎炸面点,小吃,fixed,6,份,不辣,是
蛋挞,一楼,煎炸面点,小吃,fixed,4,份,不辣,是
脆皮香蕉,一楼,煎炸面点,小吃,fixed,1,份,不辣,是
绿茶饼,一楼,煎炸面点,小吃,fixed,1.5,份,不辣,是
煎鸡蛋,一楼,煎炸面点,小吃,fixed,1.5,份,不辣,是
老婆饼,一楼,煎炸面点,小吃,fixed,1.5,份,不辣,是
鸡蛋软饼,一楼,煎炸面点,小吃,fixed,2,份,不辣,是
酱香饼,一楼,煎炸面点,小吃,fixed,2,份,不辣,是
腌菜饼,一楼,煎炸面点,小吃,fixed,2,份,不辣,是
韭菜饼,一楼,煎炸面点,小吃,fixed,2,份,不辣,是
手抓饼卷鸡柳,一楼,煎炸面点,小吃,fixed,2,份,不辣,是
软饼,一楼,煎炸面点,小吃,fixed,2,份,不辣,是
糖糕,一楼,煎炸面点,小吃,fixed,2,份,不辣,是
土豆卷软饼,一楼,煎炸面点,小吃,fixed,2.5,份,不辣,是
肉沫饼,一楼,煎炸面点,小吃,fixed,2.5,份,不辣,是
手抓饼卷土豆丝,一楼,煎炸面点,小吃,fixed,3,份,不辣,是
肉肠,一楼,煎炸面点,小吃,fixed,3,份,不辣,是
牛肉饼,一楼,煎炸面点,小吃,fixed,3.5,份,不辣,是
汉堡饼,一楼,煎炸面点,小吃,fixed,4,份,不辣,是
土豆鸡蛋卷软饼,一楼,煎炸面点,小吃,fixed,4,份,不辣,是
土豆烤肠卷软饼,一楼,煎炸面点,小吃,fixed,4.5,份,不辣,是
土豆鸡柳卷软饼,一楼,煎炸面点,小吃,fixed,4.5,份,不辣,是
手抓饼卷鸡蛋,一楼,煎炸面点,小吃,fixed,4.5,份,不辣,是
手抓饼卷烤肠,一楼,煎炸面点,小吃,fixed,5,份,不辣,是
生煎包,一楼,煎炸面点,小吃,fixed,5,份,不辣,是
酸奶大麻花,一楼,煎炸面点,小吃,fixed,5,份,不辣,是
鸡蛋鸡柳卷软饼,一楼,煎炸面点,小吃,fixed,5.5,份,不辣,是
油淋茄子,一楼,小碗菜,素菜,fixed,3,份,不辣,是
鱼香茄子,一楼,小碗菜,荤菜,fixed,3,份,不辣,是
番茄炒蛋,一楼,小碗菜,素菜,fixed,3,份,不辣,是
家常豆腐,一楼,小碗菜,素菜,fixed,3,份,不辣,是
红烧臭干子,一楼,小碗菜,素菜,fixed,3,份,不辣,是
千张肉丝,一楼,小碗菜,荤菜,fixed,3,份,不辣,是
腌菜豆米炒蛋,一楼,小碗菜,荤菜,fixed,3.5,份,不辣,是
花菜烧肉,一楼,小碗菜,荤菜,fixed,3.5,份,不辣,是
青椒炒鸡蛋,一楼,小碗菜,荤菜,fixed,3.5,份,不辣,是
木耳肉片,一楼,小碗菜,荤菜,fixed,4,份,不辣,是
苦瓜肉丝,一楼,小碗菜,荤菜,fixed,4,份,不辣,是
蒿芭肉丝,一楼,小碗菜,荤菜,fixed,4,份,不辣,是
冬笋肉片,一楼,小碗菜,荤菜,fixed,4,份,不辣,是
山药肉片,一楼,小碗菜,荤菜,fixed,4,份,不辣,是
霉千张烧肉,一楼,小碗菜,荤菜,fixed,4,份,不辣,是
丝瓜炒蛋,一楼,小碗菜,荤菜,fixed,4,份,不辣,是
韭菜煎蛋,一楼,小碗菜,荤菜,fixed,4,份,不辣,是
卤藕回锅肉,一楼,小碗菜,荤菜,fixed,4,份,不辣,是
黄瓜炒肉片,一楼,小碗菜,荤菜,fixed,4,份,不辣,是
莴苣肉片,一楼,小碗菜,荤菜,fixed,4,份,不辣,是
青椒肉丝,一楼,小碗菜,荤菜,fixed,4,份,不辣,是
胡萝卜肉丝,一楼,小碗菜,荤菜,fixed,4,份,不辣,是
木须肉,一楼,小碗菜,荤菜,fixed,4,份,不辣,是
地三鲜,一楼,小碗菜,素菜,fixed,4,份,不辣,是
茶树菇炒肉,一楼,小碗菜,荤菜,fixed,4,份,不辣,是
蒜苗肉丝,一楼,小碗菜,荤菜,fixed,5,份,不辣,是
泡菜苕粉肉丝,一楼,小碗菜,荤菜,fixed,5,份,不辣,是
玉米鸡丁,一楼,小碗菜,荤菜,fixed,5,份,不辣,是
青豆鸡丁,一楼,小碗菜,荤菜,fixed,5,份,不辣,是
杏鲍菇炒肉片,一楼,小碗菜,荤菜,fixed,5,份,不辣,是
蒜苗炒腊肉,一楼,小碗菜,荤菜,fixed,5,份,不辣,是
小炒顺风,一楼,小碗菜,荤菜,fixed,5,份,不辣,是
腊肠炒西芹,一楼,小碗菜,荤菜,fixed,5,份,不辣,是
丝瓜炒肉片,一楼,小碗菜,荤菜,fixed,5,份,不辣,是
青椒榨菜肉丝,一楼,小碗菜,荤菜,fixed,5,份,不辣,是
宫保鸡丁,一楼,小碗菜,荤菜,fixed,5,份,不辣,是
鱼香肉丝,一楼,小碗菜,荤菜,fixed,5,份,不辣,是
小炒肉,一楼,小碗菜,荤菜,fixed,5,份,不辣,是
香菇肉片,一楼,小碗菜,荤菜,fixed,5,份,不辣,是
香菇炖鸡块,一楼,小碗菜,荤菜,fixed,5,份,不辣,是
白芍基尾虾,一楼,小碗菜,荤菜,fixed,6,份,不辣,是
鸡盹炒藕带,一楼,小碗菜,荤菜,fixed,6,份,不辣,是
湘味小炒肉,一楼,小碗菜,荤菜,fixed,6,份,不辣,是
青椒炒牛肚,一楼,小碗菜,荤菜,fixed,6,份,不辣,是
酸豆角炒鸡胗,一楼,小碗菜,荤菜,fixed,6,份,不辣,是
豆腐烧鱼杂,一楼,小碗菜,荤菜,fixed,6,份,不辣,是
红烧带鱼,一楼,小碗菜,荤菜,fixed,6,份,不辣,是
糖醋鸡米花,一楼,小碗菜,荤菜,fixed,6,份,甜,是
回锅牛肉,一楼,小碗菜,荤菜,fixed,7,份,不辣,是
青椒蒙古肉,一楼,小碗菜,荤菜,fixed,7,份,不辣,是
土豆烧肉,一楼,小碗菜,荤菜,fixed,5,份,不辣,是
干豆角烧肉,一楼,小碗菜,荤菜,fixed,5,份,不辣,是
糖醋里脊,一楼,小碗菜,荤菜,fixed,5,份,甜,是
千张结烧肉,一楼,小碗菜,荤菜,fixed,5,份,不辣,是
霉千张烧肉,一楼,小碗菜,荤菜,fixed,5,份,不辣,是
干冬笋烧肉,一楼,小碗菜,荤菜,fixed,5,份,不辣,是
红烧草鱼块,一楼,小碗菜,荤菜,fixed,5,份,不辣,是
红烧瓦块鱼,一楼,小碗菜,荤菜,fixed,5,份,不辣,是
水煮鱼片,一楼,小碗菜,荤菜,fixed,5,份,不辣,是
水煮肉片,一楼,小碗菜,荤菜,fixed,5,份,不辣,是
白萝卜烧肉,一楼,小碗菜,荤菜,fixed,4,份,不辣,是
川味毛血旺,一楼,小碗菜,荤菜,fixed,5,份,不辣,是
腊鸭焖藕,一楼,小碗菜,荤菜,fixed,5,份,不辣,是
素鸡烧肉,一楼,小碗菜,荤菜,fixed,5,份,不辣,是
面筋回锅肉,一楼,小碗菜,荤菜,fixed,5,份,不辣,是
川味酸菜鱼,一楼,小碗菜,荤菜,fixed,5,份,不辣,是
啤酒鸭,一楼,小碗菜,荤菜,fixed,6,份,不辣,是
红烧鸡块,一楼,小碗菜,荤菜,fixed,6,份,不辣,是
胡萝卜烧鸭子,一楼,小碗菜,荤菜,fixed,6,份,不辣,是
海带结烧蹄膀,一楼,小碗菜,荤菜,fixed,6,份,不辣,是
板栗烧鸡,一楼,小碗菜,荤菜,fixed,6,份,不辣,是
腌菜烧黄鱼,一楼,小碗菜,荤菜,fixed,6,份,不辣,是
红烧喜头鱼,一楼,小碗菜,荤菜,fixed,6,份,不辣,是
水煮牛肉,一楼,小碗菜,荤菜,fixed,6,份,不辣,是
红烧蹄花,一楼,小碗菜,荤菜,fixed,7,份,不辣,是
土豆烧排骨,一楼,小碗菜,荤菜,fixed,7,份,不辣,是
红烧元子,一楼,小碗菜,荤菜,fixed,7,份,不辣,是
烩双元,一楼,小碗菜,荤菜,fixed,7,份,不辣,是
玉米烧排骨,一楼,小碗菜,荤菜,fixed,7,份,不辣,是
芋头烧排骨,一楼,小碗菜,荤菜,fixed,7,份,不辣,是
胡萝卜烧羊肉,一楼,小碗菜,荤菜,fixed,7,份,不辣,是
秘制排骨,一楼,小碗菜,荤菜,fixed,8,份,不辣,是
红烧肉,一楼,小碗菜,荤菜,fixed,8,份,不辣,是
鹌鹑蛋烧肉,一楼,小碗菜,荤菜,fixed,8,份,不辣,是
胡萝卜烧牛腩,一楼,小碗菜,荤菜,fixed,8,份,不辣,是
黄瓜烧小龙虾,一楼,小碗菜,素菜,fixed,8,份,不辣,是
热拌毛豆,一楼,小碗菜,小吃,fixed,2,份,微辣,是
热拌海带,一楼,小碗菜,小吃,fixed,2,份,微辣,是
热拌豆角,一楼,小碗菜,小吃,fixed,2,份,微辣,是
热拌香干,一楼,小碗菜,小吃,fixed,2.5,份,微辣,是
热拌三丁,一楼,小碗菜,小吃,fixed,2.5,份,微辣,是
热拌三丝,一楼,小碗菜,小吃,fixed,2.5,份,微辣,是
热拌西兰花,一楼,小碗菜,小吃,fixed,3,份,微辣,是
热拌金针菇,一楼,小碗菜,小吃,fixed,3,份,微辣,是
拌黑木耳,一楼,小碗菜,素菜,fixed,3,份,不辣,是
热拌鸡丝,一楼,小碗菜,荤菜,fixed,5,份,不辣,是
蒜泥白肉,一楼,小碗菜,荤菜,fixed,6,份,不辣,是
卤干子,一楼,小碗菜,素菜,fixed,2,份,微辣,是
卤藕,一楼,小碗菜,素菜,fixed,2,份,微辣,是
卤猪心,一楼,小碗菜,荤菜,fixed,5,份,微辣,是
口水鸡,一楼,小碗菜,荤菜,fixed,6,份,微辣,是
卤鸡翅,一楼,小碗菜,荤菜,fixed,6,份,微辣,是
卤鸡爪,一楼,小碗菜,荤菜,fixed,6,份,微辣,是
卤培根,一楼,小碗菜,荤菜,fixed,6,份,微辣,是
卤鸭脖,一楼,小碗菜,荤菜,fixed,6,份,微辣,是
卤鸡腿,一楼,小碗菜,荤菜,fixed,6,份,微辣,是
卤鸭腿,一楼,小碗菜,荤菜,fixed,6,份,微辣,是
卤棒棒腿,一楼,小碗菜,荤菜,fixed,6,份,微辣,是
香煎鸡排,一楼,小碗菜,荤菜,fixed,7,份,不辣,是
桂香一品鸭,一楼,小碗菜,荤菜,fixed,7,份,不辣,是
卤顺风,一楼,小碗菜,荤菜,fixed,7,份,微辣,是
卤蹄花,一楼,小碗菜,荤菜,fixed,7,份,微辣,是
卤牛肚,一楼,小碗菜,荤菜,fixed,8,份,微辣,是
卤牛肉,一楼,小碗菜,荤菜,fixed,8,份,微辣,是
干煸藕丝,一楼,小碗菜,荤菜,fixed,3,份,不辣,是
干煸土豆丝,一楼,小碗菜,荤菜,fixed,3,份,不辣,是
煎瓦块鱼,一楼,小碗菜,荤菜,fixed,5,份,不辣,是
糍粑鱼,一楼,小碗菜,荤菜,fixed,5,份,不辣,是
雪花鸡排,一楼,小碗菜,荤菜,fixed,5,份,不辣,是
孜然鸡柳,一楼,小碗菜,荤菜,fixed,5,份,不辣,是
脆皮鸡,一楼,小碗菜,荤菜,fixed,6,份,不辣,是
椒麻鸡块,一楼,小碗菜,荤菜,fixed,6,份,不辣,是
香煎培根,一楼,小碗菜,荤菜,fixed,6,份,不辣,是
香煎鸭脯肉,一楼,小碗菜,荤菜,fixed,6,份,不辣,是
香煎腿排,一楼,小碗菜,荤菜,fixed,6,份,不辣,是
香煎叉烧肉,一楼,小碗菜,荤菜,fixed,6,份,微辣,是
辣子鸡,一楼,小碗菜,荤菜,fixed,6,份,微辣,是
干煸刁子鱼,一楼,小碗菜,荤菜,fixed,6,份,不辣,是
椒盐基尾虾,一楼,小碗菜,荤菜,fixed,6,份,不辣,是
清炒莴苣叶,一楼,小碗菜,素菜,fixed,1.5,份,不辣,是
清炒包菜,一楼,小碗菜,素菜,fixed,0.8,份,不辣,是
清炒冬瓜片,一楼,小碗菜,素菜,fixed,0.8,份,不辣,是
清炒大白菜,一楼,小碗菜,素菜,fixed,0.8,份,不辣,是
酸辣土豆丝,一楼,小碗菜,素菜,fixed,1,份,不辣,是
炒白萝卜丝,一楼,小碗菜,素菜,fixed,1,份,不辣,是
清炒南瓜片,一楼,小碗菜,素菜,fixed,1,份,不辣,是
清炒角瓜,一楼,小碗菜,素菜,fixed,1.5,份,不辣,是
清炒苦瓜,一楼,小碗菜,素菜,fixed,1.5,份,不辣,是
烧黄豆芽,一楼,小碗菜,素菜,fixed,1.5,份,不辣,是
清炒小白菜,一楼,小碗菜,素菜,fixed,1.5,份,不辣,是
红烧豆腐,一楼,小碗菜,素菜,fixed,1.5,份,不辣,是
清炒绿豆芽,一楼,小碗菜,素菜,fixed,1.5,份,不辣,是
酸辣藕丁,一楼,小碗菜,素菜,fixed,2,份,不辣,是
清炒苋菜,一楼,小碗菜,素菜,fixed,2,份,不辣,是
清炒空心菜,一楼,小碗菜,素菜,fixed,2,份,不辣,是
水果,一楼,小碗菜,素菜,fixed,3.5,份,不辣,是
黄豆凤爪,一楼,蒸煨炖品,荤菜,fixed,6,份,不辣,是
泡椒牛蛙,一楼,蒸煨炖品,荤菜,fixed,6,份,不辣,是
多交蒸鱼块,一楼,蒸煨炖品,荤菜,fixed,6,份,不辣,是
清蒸巴沙鱼,一楼,蒸煨炖品,荤菜,fixed,6,份,不辣,是
粉蒸肉,一楼,蒸煨炖品,荤菜,fixed,7,份,不辣,是
粉蒸排骨,一楼,蒸煨炖品,荤菜,fixed,7,份,不辣,是
蒜蓉扇贝,一楼,蒸煨炖品,荤菜,fixed,7,份,不辣,是
梅菜扣肉,一楼,蒸煨炖品,荤菜,fixed,7,份,不辣,是
泡椒鸡翅,一楼,蒸煨炖品,荤菜,fixed,7,份,不辣,是
锅包肉,一楼,蒸煨炖品,荤菜,fixed,6,份,不辣,是
瓦香茄子,一楼,蒸煨炖品,素菜,fixed,6.5,份,不辣,是
经典泡嫩鸡,一楼,蒸煨炖品,荤菜,fixed,7,份,不辣,是
瓦香肉片千叶豆腐,一楼,蒸煨炖品,素菜,fixed,7,份,不辣,是
重庆片片鱼,一楼,蒸煨炖品,荤菜,fixed,8,份,不辣,是
砂锅川香丸子,一楼,蒸煨炖品,荤菜,fixed,8,份,不辣,是
瓦汤豆腐,一楼,蒸煨炖品,素菜,fixed,11,份,不辣,是
瓦汤鸡,一楼,蒸煨炖品,荤菜,fixed,13,份,清淡,是
瓦汤排骨,一楼,蒸煨炖品,荤菜,fixed,14,份,清淡,是
瓦汤牛肉,一楼,蒸煨炖品,荤菜,fixed,14,份,清淡,是
瓦汤牛肚,一楼,蒸煨炖品,荤菜,fixed,14,份,清淡,是
蒸鸡蛋,一楼,蒸煨炖品,荤菜,fixed,1.5,份,不辣,是
粉蒸南瓜,一楼,蒸煨炖品,素菜,fixed,1.5,份,不辣,是
粉蒸豆角,一楼,蒸煨炖品,素菜,fixed,2,份,不辣,是
粉蒸芋头,一楼,蒸煨炖品,素菜,fixed,2,份,不辣,是
豆豉茄子,一楼,蒸煨炖品,素菜,fixed,2,份,不辣,是
珍珠原子,一楼,蒸煨炖品,素菜,fixed,2,份,不辣,是
粉蒸茼蒿,一楼,蒸煨炖品,素菜,fixed,2,份,不辣,是
清炒生菜,一楼,蒸煨炖品,素菜,fixed,2,份,不辣,是
清炒油麦菜,一楼,蒸煨炖品,素菜,fixed,2,份,不辣,是
清炒小白菜芯,一楼,蒸煨炖品,素菜,fixed,2,份,不辣,是
粉蒸藕,一楼,蒸煨炖品,素菜,fixed,3,份,不辣,是
蒸蛋饺,一楼,蒸煨炖品,荤菜,fixed,3,份,不辣,是
肉沫蒸鸡蛋,一楼,蒸煨炖品,荤菜,fixed,3,份,不辣,是
耗油香菇,一楼,蒸煨炖品,荤菜,fixed,4,份,不辣,是
蒸腊肠,一楼,蒸煨炖品,荤菜,fixed,5,份,不辣,是
汽水肉鹌鹑蛋,一楼,蒸煨炖品,荤菜,fixed,5,份,不辣,是
粉蒸鱼块,一楼,蒸煨炖品,荤菜,fixed,6,份,不辣,是
豉油蒸鸡,一楼,蒸煨炖品,荤菜,fixed,6,份,不辣,是
豆汁蒸鸡,一楼,蒸煨炖品,荤菜,fixed,6,份,不辣,是
蒸鱼方,一楼,蒸煨炖品,荤菜,fixed,6,份,不辣,是
乳鸽汤,一楼,蒸煨炖品,汤类,fixed,7,份,清淡,是
排骨藕汤,一楼,蒸煨炖品,汤类,fixed,7,份,清淡,是
猪肚芸豆汤,一楼,蒸煨炖品,汤类,fixed,7,份,清淡,是
山药鸡汤,一楼,蒸煨炖品,汤类,fixed,7,份,清淡,是
薏米猪肚汤,一楼,蒸煨炖品,汤类,fixed,7,份,清淡,是
花生红枣猪蹄汤,一楼,蒸煨炖品,汤类,fixed,7,份,清淡,是
土豆猪蹄汤,一楼,蒸煨炖品,汤类,fixed,8,份,清淡,是
绿豆肥肠汤,一楼,蒸煨炖品,汤类,fixed,8,份,清淡,是
丝瓜鸡蛋汤,一楼,蒸煨炖品,汤类,fixed,2,份,清淡,是
西红柿鸡蛋汤,一楼,蒸煨炖品,汤类,fixed,2,份,清淡,是
冰糖银耳汤,一楼,蒸煨炖品,汤类,fixed,3.5,份,清淡,是
川元汤,一楼,蒸煨炖品,汤类,fixed,5,份,清淡,是
野三菌汤,一楼,蒸煨炖品,汤类,fixed,5,份,清淡,是
丝瓜肉片鸡蛋汤,一楼,蒸煨炖品,汤类,fixed,5,份,清淡,是
萝卜丝鱼丸汤,一楼,蒸煨炖品,汤类,fixed,5,份,清淡,是
黄骨鱼鱼元汤,一楼,蒸煨炖品,汤类,fixed,5,份,清淡,是
筒子骨萝卜汤,一楼,蒸煨炖品,汤类,fixed,7,份,清淡,是
汽水肉,一楼,蒸煨炖品,汤类,fixed,5,份,清淡,是
狮子头,一楼,蒸煨炖品,汤类,fixed,5,份,清淡,是
排骨冬瓜汤,一楼,蒸煨炖品,汤类,fixed,6,份,清淡,是
排骨海带汤,一楼,蒸煨炖品,汤类,fixed,6,份,清淡,是
排骨玉米汤,一楼,蒸煨炖品,汤类,fixed,6,份,清淡,是
排骨山药汤,一楼,蒸煨炖品,汤类,fixed,6,份,清淡,是
排骨萝卜汤,一楼,蒸煨炖品,汤类,fixed,6,份,清淡,是
酸萝卜老鸭汤,一楼,蒸煨炖品,汤类,fixed,6,份,清淡,是
白萝卜牛肉汤,一楼,蒸煨炖品,汤类,fixed,6,份,清淡,是
胡萝卜牛肉汤,一楼,蒸煨炖品,汤类,fixed,6,份,清淡,是
红枣土鸡汤,一楼,蒸煨炖品,汤类,fixed,7,份,清淡,是
鸡腿套餐,一楼,轻食餐,主食,combo,8,份,不辣,是
鸡丁套餐,一楼,轻食餐,主食,combo,9,份,不辣,是
全素套餐,一楼,轻食餐,主食,combo,8,份,不辣,是
鸡排套餐,一楼,轻食餐,主食,combo,13,份,微辣,是
鸡脯套餐,一楼,轻食餐,主食,combo,13,份,不辣,是
鱼排套餐,一楼,轻食餐,主食,combo,18,份,不辣,是
鲜虾套餐,一楼,轻食餐,主食,combo,18,份,不辣,是
牛肉套餐,一楼,轻食餐,主食,combo,18,份,不辣,是
鸡排,一楼,轻食餐,荤菜,fixed,6,个,不辣,是
鸡丝,一楼,轻食餐,荤菜,fixed,5,份,不辣,是
鱼排,一楼,轻食餐,荤菜,fixed,6,个,不辣,是
卤牛肉,一楼,轻食餐,荤菜,fixed,10,份,不辣,是
鸡腿,一楼,轻食餐,荤菜,fixed,4,个,不辣,是
鸡脯,一楼,轻食餐,荤菜,fixed,6,块,不辣,是
鸭腿,一楼,轻食餐,荤菜,fixed,6,个,不辣,是
虾仁,一楼,轻食餐,荤菜,fixed,10,份,不辣,是
西葫芦,一楼,轻食餐,素菜,fixed,1.5,份,不辣,是
西兰花,一楼,轻食餐,素菜,fixed,2,份,不辣,是
千叶豆腐,一楼,轻食餐,素菜,fixed,2,份,不辣,是
杏鲍菇,一楼,轻食餐,素菜,fixed,2,份,不辣,是
玉米粒,一楼,轻食餐,素菜,fixed,2,份,不辣,是
香菇,一楼,轻食餐,素菜,fixed,3,份,不辣,是
小白菜,一楼,轻食餐,素菜,fixed,1,份,不辣,是
紫甘蓝,一楼,轻食餐,素菜,fixed,2,份,不辣,是
红薯/玉米,一楼,轻食餐,素菜,fixed,2,份,不辣,是
泡面面饼,一楼,麻辣烫,主食,fixed,0.8,个,不辣,是
娃娃菜,一楼,大众面点,主食,fixed,1,个,不辣,是
生菜,一楼,大众面点,主食,fixed,1.5,个,不辣,是
菠菜,一楼,大众面点,主食,fixed,1.5,个,不辣,是
鸡蛋,一楼,大众面点,主食,fixed,1.5,个,不辣,是
冻豆腐,一楼,麻辣烫,素菜,by_weight,1.68,两,可选,是
玉米,一楼,麻辣烫,素菜,by_weight,1.68,两,可选,是
火腿肠,一楼,麻辣烫,荤菜,by_weight,1.68,两,可选,是
蟹棒,一楼,麻辣烫,荤菜,by_weight,1.68,两,可选,是
鸡蛋豆腐,一楼,麻辣烫,荤菜,by_weight,1.68,两,可选,是
面筋,一楼,麻辣烫,素菜,by_weight,1.68,两,可选,是
午餐肉,一楼,麻辣烫,荤菜,by_weight,1.68,两,可选,是
胡萝卜,一楼,麻辣烫,素菜,by_weight,1.68,两,可选,是
豆腐,一楼,麻辣烫,素菜,by_weight,1.68,两,可选,是
小麻花,一楼,麻辣烫,素菜,by_weight,1.68,两,可选,是
西红柿,一楼,麻辣烫,素菜,by_weight,1.68,两,可选,是
海带,一楼,麻辣烫,素菜,by_weight,1.68,两,可选,是
鱿鱼火腿,一楼,麻辣烫,荤菜,by_weight,1.68,两,可选,是
玉米肠,一楼,麻辣烫,荤菜,by_weight,1.68,两,可选,是
茼蒿,一楼,麻辣烫,素菜,by_weight,1.68,两,可选,是
油麦菜,一楼,麻辣烫,素菜,by_weight,1.68,两,可选,是
香菜,一楼,麻辣烫,素菜,by_weight,1.68,两,可选,是
小白菜,一楼,麻辣烫,素菜,by_weight,1.68,两,可选,是
土豆片,一楼,麻辣烫,素菜,by_weight,1.68,两,可选,是
西兰花,一楼,麻辣烫,素菜,by_weight,1.68,两,可选,是
千张,一楼,麻辣烫,素菜,by_weight,1.68,两,可选,是
碱面,一楼,麻辣烫,素菜,by_weight,1.68,两,可选,是
宽粉,一楼,麻辣烫,素菜,by_weight,1.68,两,可选,是
藕片,一楼,麻辣烫,素菜,by_weight,1.68,两,可选,是
油豆皮,一楼,麻辣烫,素菜,by_weight,1.68,两,可选,是
蟹棒,一楼,麻辣烫,荤菜,by_weight,1.68,两,可选,是
猪血,一楼,麻辣烫,荤菜,by_weight,1.68,两,可选,是
巴沙鱼,一楼,麻辣烫,荤菜,by_weight,1.68,两,可选,是
冬瓜,一楼,麻辣烫,素菜,by_weight,1.68,两,可选,是
腊肠,一楼,麻辣烫,荤菜,by_weight,1.68,两,可选,是
午餐肉,一楼,麻辣烫,荤菜,by_weight,1.68,两,可选,是
培根片,一楼,麻辣烫,荤菜,by_weight,1.68,两,可选,是
贡菜丸子,一楼,麻辣烫,荤菜,by_weight,1.68,两,可选,是
虾饺,一楼,麻辣烫,荤菜,by_weight,1.68,两,可选,是
小酥肉,一楼,麻辣烫,荤菜,by_weight,1.68,两,可选,是
腌肉,一楼,麻辣烫,荤菜,by_weight,1.68,两,可选,是
鸡柳,一楼,麻辣烫,荤菜,by_weight,1.68,两,可选,是
虾丸,一楼,麻辣烫,荤菜,by_weight,1.68,两,可选,是
香菇,一楼,麻辣烫,素菜,by_weight,1.68,两,可选,是
平菇,一楼,麻辣烫,素菜,by_weight,1.68,两,可选,是
年糕片,一楼,麻辣烫,素菜,by_weight,1.68,两,可选,是
金针菇,一楼,麻辣烫,素菜,by_weight,1.68,两,可选,是
豆芽,一楼,麻辣烫,素菜,by_weight,1.68,两,可选,是
粉丝,一楼,麻辣烫,素菜,by_weight,1.68,两,可选,是
芝士年糕,一楼,麻辣烫,素菜,by_weight,1.68,两,可选,是
肉卷,一楼,麻辣烫,荤菜,by_weight,1.68,两,可选,是
鹌鹑蛋,一楼,麻辣烫,荤菜,by_weight,1.68,两,可选,是
煎蛋,一楼,麻辣烫,荤菜,by_weight,1.68,两,可选,是
麻花,一楼,麻辣烫,素菜,by_weight,1.68,两,可选,是
油条,一楼,麻辣烫,素菜,by_weight,1.68,两,可选,是
素拌渔粉,一楼,杂粮鱼粉,主食,combo,6,份,清淡,是
玉米渔粉,一楼,杂粮鱼粉,主食,combo,8,份,清淡,是
肉沫渔粉,一楼,杂粮鱼粉,主食,combo,10,份,微辣,是
杂粮招牌渔粉/面,一楼,杂粮鱼粉,主食,combo,10,份,微辣,是
杂粮原味渔粉/面,一楼,杂粮鱼粉,主食,combo,9,份,清淡,是
杂粮酸辣渔粉/面,一楼,杂粮鱼粉,主食,combo,9,份,香辣,是
杂粮麻辣渔粉/面,一楼,杂粮鱼粉,主食,combo,9,份,香辣,是
番茄鱼片渔粉/面,一楼,杂粮鱼粉,主食,combo,9,份,香辣,是
杂粮鱼头渔粉/面,一楼,杂粮鱼粉,主食,combo,8,份,香辣,是
杂粮三鲜渔粉/面,一楼,杂粮鱼粉,主食,combo,9,份,清淡,是
杂粮玉米渔粉/面,一楼,杂粮鱼粉,主食,combo,8,份,清淡,是
杂粮鸭血渔粉/面,一楼,杂粮鱼粉,主食,combo,9,份,微辣,是
杂粮鸡块渔粉/面,一楼,杂粮鱼粉,主食,combo,9,份,微辣,是
杂粮鱼豆腐渔粉/面,一楼,杂粮鱼粉,主食,combo,9,份,微辣,是
杂粮鱼丸渔粉/面,一楼,杂粮鱼粉,主食,combo,10,份,微辣,是
番茄鱼丸渔粉/面,一楼,杂粮鱼粉,主食,combo,10,份,微辣,是
杂粮招牌渔粉/面,一楼,杂粮鱼粉,主食,combo,10,份,清淡,是
番茄肥牛渔粉/面,一楼,杂粮鱼粉,主食,combo,10,份,香辣,是
番茄酥肉渔粉/面,一楼,杂粮鱼粉,主食,combo,10,份,香辣,是
杂粮肉沫渔粉/面,一楼,杂粮鱼粉,主食,combo,9,份,香辣,是
杂粮肉丝渔粉/面,一楼,杂粮鱼粉,主食,combo,10,份,香辣,是
杂粮肥牛渔粉/面,一楼,杂粮鱼粉,主食,combo,10,份,香辣,是
杂粮肥肠渔粉/面,一楼,杂粮鱼粉,主食,combo,12,份,香辣,是
杂粮牛肉渔粉/面,一楼,杂粮鱼粉,主食,combo,12,份,香辣,是
杂粮培根渔粉/面,一楼,杂粮鱼粉,主食,combo,9,份,香辣,是
杂粮虾丸渔粉/面,一楼,杂粮鱼粉,主食,combo,10,份,微辣,是
杂粮酥肉渔粉/面,一楼,杂粮鱼粉,主食,combo,10,份,微辣,是
杂粮原味渔粉/面,一楼,杂粮鱼粉,主食,combo,7,份,清淡,是
杂粮肉沫渔粉/面,一楼,杂粮鱼粉,主食,combo,9,份,微辣,是
杂粮原味素粉/面,一楼,杂粮鱼粉,主食,combo,7,份,清淡,是
鱼片,一楼,杂粮鱼粉,荤菜,fixed,4,份,可选,是
肥牛,一楼,杂粮鱼粉,荤菜,fixed,4,份,可选,是
鸭血,一楼,杂粮鱼粉,荤菜,fixed,3,份,可选,是
鱼丸,一楼,杂粮鱼粉,荤菜,fixed,3,份,可选,是
酥肉,一楼,杂粮鱼粉,荤菜,fixed,4,份,可选,是
鱼头,一楼,杂粮鱼粉,荤菜,fixed,3,份,可选,是
玉米,一楼,杂粮鱼粉,素菜,fixed,2,份,可选,是
鸡蛋,一楼,杂粮鱼粉,荤菜,fixed,1.5,份,可选,是
虾丸,一楼,杂粮鱼粉,荤菜,fixed,4,份,可选,是
肉沫,一楼,杂粮鱼粉,荤菜,fixed,4,份,可选,是
鱼豆腐,一楼,杂粮鱼粉,素菜,fixed,4,份,可选,是
蓑衣干子,一楼,杂粮鱼粉,素菜,fixed,1,份,可选,是
鸡蛋瘦肉肠粉,一楼,粉面系列,主食,fixed,9,份,清淡,是
鸡蛋火腿肠粉,一楼,粉面系列,主食,fixed,8,份,清淡,是
鸡蛋肠粉,一楼,粉面系列,主食,fixed,6,份,清淡,是
火腿肠粉,一楼,粉面系列,主食,fixed,6,份,清淡,是
鸡蛋玉米肠粉,一楼,粉面系列,主食,fixed,8,份,清淡,是
玉米肠粉,一楼,粉面系列,主食,fixed,6,份,清淡,是
鸡蛋牛肉肠粉,一楼,粉面系列,主食,fixed,14,份,清淡,是
鸡蛋虾仁肠粉,一楼,粉面系列,主食,fixed,14,份,清淡,是
鸡蛋玉米火腿肠粉,一楼,粉面系列,主食,fixed,10,份,清淡,是
叉烧肠粉,一楼,粉面系列,主食,fixed,9,份,清淡,是
腊肠肠粉,一楼,粉面系列,主食,fixed,9,份,清淡,是
辣子鸡拌面/粉,一楼,粉面系列,主食,fixed,10,份,微辣,是
红烧肉拌面/粉,一楼,粉面系列,主食,fixed,9,份,微辣,是
虫草花猪肚面/粉,一楼,粉面系列,主食,fixed,12,份,清淡,是
肉末茄子拌面/粉,一楼,粉面系列,主食,fixed,8,份,香辣,是
青椒肉丝拌面/粉,一楼,粉面系列,主食,fixed,9,份,微辣,是
小酥肉汤面/粉,一楼,粉面系列,主食,fixed,9,份,微辣,是
麻椒鸡丝拌面/粉,一楼,粉面系列,主食,fixed,8,份,微辣,是
麻辣牛肉拌面/粉,一楼,粉面系列,主食,fixed,12,份,微辣,是
黑椒牛柳拌面/粉,一楼,粉面系列,主食,fixed,9,份,微辣,是
酸菜肉丝拌面/粉,一楼,粉面系列,主食,fixed,8,份,微辣,是
素拌面/粉,一楼,粉面系列,主食,fixed,6,份,清淡,是
青菜肉丸面/粉,一楼,粉面系列,主食,fixed,9,份,清淡,是
牛肉丸,一楼,粉面系列,荤菜,fixed,1,份,清淡,是
卤干子,一楼,粉面系列,素菜,fixed,1,份,可选,是
煎鸡蛋,一楼,粉面系列,荤菜,fixed,1.5,份,可选,是
腊肠,一楼,粉面系列,荤菜,fixed,1.5,份,可选,是
襄阳牛肉面/粉,一楼,粉面系列,主食,fixed,10,份,微辣,是
襄阳牛杂面/粉,一楼,粉面系列,主食,fixed,10,份,微辣,是
排骨面/粉,一楼,粉面系列,主食,fixed,10,份,清淡,是
三鲜面/粉,一楼,粉面系列,主食,fixed,6.5,份,清淡,是
海带豆腐面/粉,一楼,粉面系列,主食,fixed,6,份,香辣,是
冬笋肉丝鸡汤面/粉,一楼,粉面系列,主食,fixed,7,份,微辣,是
番茄鸡蛋手工面/粉,一楼,粉面系列,主食,fixed,6,份,微辣,是
瘦肉面/粉,一楼,粉面系列,主食,fixed,9,份,微辣,是
杂酱面/粉,一楼,粉面系列,主食,fixed,6,份,香辣,是
重庆小面/粉,一楼,粉面系列,主食,fixed,7,份,麻辣,是
酸辣粉,一楼,粉面系列,主食,fixed,7,份,麻辣,是
杂酱热干面/粉,一楼,粉面系列,主食,fixed,7,份,香辣,是
番茄鸡蛋面/粉,一楼,粉面系列,主食,fixed,5,份,清淡,是
热干面,一楼,粉面系列,主食,fixed,3.5,份,微辣,是
热干面（大份）,一楼,粉面系列,主食,fixed,5,份,微辣,是
青菜手工面/粉,一楼,粉面系列,主食,fixed,4,份,清淡,是
原汤面,一楼,粉面系列,主食,fixed,3,份,清淡,是
一荤二素,一楼,营养套餐,套餐,combo,0.83,两,清淡,是
二荤一素,一楼,营养套餐,套餐,combo,1.08,两,清淡,是
三荤,一楼,营养套餐,套餐,combo,1.3,两,清淡,是
三荤一素,一楼,营养套餐,套餐,combo,1.19,两,清淡,是
米饭,一楼,营养套餐,主食,fixed,0,两,清淡,是
汤,一楼,营养套餐,主食,fixed,0,两,清淡,是
清汤麻辣烫,二楼,麻辣烫,主食,by_weight,1.68,两,清淡,是
微辣麻辣烫,二楼,麻辣烫,主食,by_weight,1.68,两,微辣,是
番茄麻辣烫,二楼,麻辣烫,主食,by_weight,1.68,两,清淡,是
香辣麻辣拌,二楼,麻辣烫,主食,by_weight,1.88,两,香辣,是
藤椒麻辣拌,二楼,麻辣烫,主食,by_weight,1.88,两,麻辣,是
招牌肉酱拌面/粉,二楼,朝阳洲.牛肉粉面,主食,fixed,10,份,不辣,是
炸酱油泼面/粉,二楼,朝阳洲.牛肉粉面,主食,fixed,10,份,微辣,是
馋嘴鸡拌面/粉,二楼,朝阳洲.牛肉粉面,主食,fixed,10,份,微辣,是
蟹黄肉酱拌面/粉,二楼,朝阳洲.牛肉粉面,主食,fixed,12,份,不辣,是
现炖黄牛肉汤面/粉,二楼,朝阳洲.牛肉粉面,主食,fixed,13,份,不辣,是
辣椒炒肉汤面/粉,二楼,朝阳洲.牛肉粉面,主食,fixed,9,份,香辣,是
重庆小面汤面/粉,二楼,朝阳洲.牛肉粉面,主食,fixed,8,份,香辣,是
葱油拌面/粉,二楼,朝阳洲.牛肉粉面,主食,fixed,6,份,不辣,是
南昌拌粉,二楼,朝阳洲.牛肉粉面,主食,fixed,7,份,不辣,是
勾魂酱拌面/粉,二楼,朝阳洲.牛肉粉面,主食,fixed,7,份,不辣,是
黑鸭酱拌面/粉,二楼,朝阳洲.牛肉粉面,主食,fixed,7,份,微辣,是
烤肉酱拌面/粉,二楼,朝阳洲.牛肉粉面,主食,fixed,7,份,不辣,是
油泼面/粉（原味）,二楼,朝阳洲.牛肉粉面,主食,fixed,7,份,不辣,是
辣椒炒肉拌面/粉,二楼,朝阳洲.牛肉粉面,主食,fixed,9,份,香辣,是
辣椒炒肉油泼面/粉,二楼,朝阳洲.牛肉粉面,主食,fixed,9,份,香辣,是
炸酱油泼面/粉,二楼,朝阳洲.牛肉粉面,主食,fixed,10,份,微辣,是
馋嘴鸡油泼面,二楼,朝阳洲.牛肉粉面,主食,fixed,11,份,微辣,是
椒麻鸡丝拌面/粉,二楼,朝阳洲.牛肉粉面,主食,fixed,11,份,麻辣,是
大骨汤面/粉,二楼,朝阳洲.牛肉粉面,主食,fixed,6,份,不辣,是
重庆小面汤面/粉,二楼,朝阳洲.牛肉粉面,主食,fixed,8,份,微辣,是
辣椒炒肉汤面/粉,二楼,朝阳洲.牛肉粉面,主食,fixed,9,份,香辣,是
香菇肉丝汤面/粉,二楼,朝阳洲.牛肉粉面,主食,fixed,10,份,不辣,是
老坛酸菜汤面/粉,二楼,朝阳洲.牛肉粉面,主食,fixed,10,份,微辣,是
招牌黄牛肉汤面/粉,二楼,朝阳洲.牛肉粉面,主食,fixed,13,份,不辣,是
猪肉韭菜水饺,二楼,朝阳洲.牛肉粉面,主食,by_weight,1.68,两,不辣,是
猪肉大葱水饺,二楼,朝阳洲.牛肉粉面,主食,by_weight,1.68,两,不辣,是
猪肉白菜水饺,二楼,朝阳洲.牛肉粉面,主食,by_weight,1.68,两,不辣,是
猪肉香菇水饺,二楼,朝阳洲.牛肉粉面,主食,by_weight,1.68,两,不辣,是
猪肉玉米水饺,二楼,朝阳洲.牛肉粉面,主食,by_weight,1.68,两,不辣,是
猪肉芹菜水饺,二楼,朝阳洲.牛肉粉面,主食,by_weight,1.68,两,不辣,是
猪肉荠菜水饺,二楼,朝阳洲.牛肉粉面,主食,by_weight,1.68,两,不辣,是
韭菜鸡蛋水饺,二楼,朝阳洲.牛肉粉面,主食,by_weight,1.68,两,不辣,是
牛肉大葱水饺,二楼,朝阳洲.牛肉粉面,主食,by_weight,1.68,两,不辣,是
羊肉大葱水饺,二楼,朝阳洲.牛肉粉面,主食,by_weight,1.68,两,不辣,是
大黄米汤圆,二楼,朝阳洲.牛肉粉面,主食,by_weight,1.68,两,甜,是
黑芝麻汤圆,二楼,朝阳洲.牛肉粉面,主食,by_weight,1.68,两,甜,是
卤干子,二楼,朝阳洲.牛肉粉面,小吃,fixed,1,个,不辣,是
荷包蛋,二楼,朝阳洲.牛肉粉面,小吃,fixed,1.5,个,不辣,是
卤蛋,二楼,朝阳洲.牛肉粉面,小吃,fixed,1.5,个,不辣,是
淀粉肠,二楼,朝阳洲.牛肉粉面,小吃,fixed,2.5,个,不辣,是
小酥肉,二楼,朝阳洲.牛肉粉面,小吃,fixed,3,个,不辣,是
大肉肠,二楼,朝阳洲.牛肉粉面,小吃,fixed,3.5,个,不辣,是
黑椒鸡排,二楼,朝阳洲.牛肉粉面,小吃,fixed,3.5,个,不辣,是
品质汉堡单人餐A,二楼,炸鸡麦香鸡汉堡,套餐,fixed,9,份,不辣,是
品质汉堡单人餐B,二楼,炸鸡麦香鸡汉堡,套餐,fixed,11,份,不辣,是
品质汉堡单人餐C,二楼,炸鸡麦香鸡汉堡,套餐,fixed,14,份,不辣,是
品质汉堡单人餐D,二楼,炸鸡麦香鸡汉堡,套餐,fixed,19,份,不辣,是
鳕鱼堡套餐,二楼,炸鸡麦香鸡汉堡,套餐,fixed,16,份,不辣,是
鸡腿堡+鳕鱼堡,二楼,炸鸡麦香鸡汉堡,套餐,fixed,17,份,不辣,是
七虾堡套餐,二楼,炸鸡麦香鸡汉堡,套餐,fixed,16,份,不辣,是
鸡腿堡+七虾堡,二楼,炸鸡麦香鸡汉堡,套餐,fixed,17,份,不辣,是
鸡腿堡+薯条+地瓜条+可乐,二楼,炸鸡麦香鸡汉堡,套餐,fixed,18,份,不辣,是
鸡腿堡+薯条+鸡柳,二楼,炸鸡麦香鸡汉堡,套餐,fixed,18,份,不辣,是
鳕鱼堡+饮品套餐,二楼,炸鸡麦香鸡汉堡,套餐,fixed,11,份,不辣,是
七虾堡+饮品套餐,二楼,炸鸡麦香鸡汉堡,套餐,fixed,12,份,不辣,是
双层牛堡单人餐,二楼,炸鸡麦香鸡汉堡,套餐,fixed,20,份,不辣,是
中国鸡腿堡+随机饮品,二楼,炸鸡麦香鸡汉堡,套餐,fixed,9,份,不辣,是
鸡腿堡+琵琶腿,二楼,炸鸡麦香鸡汉堡,套餐,fixed,13,份,不辣,是
鸡腿堡+薯条+地瓜,二楼,炸鸡麦香鸡汉堡,套餐,fixed,16,份,不辣,是
藤椒鸡腿肉,二楼,炸鸡麦香鸡汉堡,小吃,fixed,2,份,麻辣,是
手工大面筋,二楼,炸鸡麦香鸡汉堡,小吃,fixed,2,份,不辣,是
脆皮淀粉肠,二楼,炸鸡麦香鸡汉堡,小吃,fixed,2,份,不辣,是
台式烤香肠,二楼,炸鸡麦香鸡汉堡,小吃,fixed,2,份,不辣,是
骨肉相连,二楼,炸鸡麦香鸡汉堡,小吃,fixed,2.5,份,不辣,是
鸡柳,二楼,炸鸡麦香鸡汉堡,小吃,fixed,2,份,不辣,是
土豆块,二楼,炸鸡麦香鸡汉堡,小吃,fixed,4.9,份,不辣,是
韩式年糕条,二楼,炸鸡麦香鸡汉堡,小吃,fixed,6.9,份,甜,是
脆皮炸鲜奶（小份）,二楼,炸鸡麦香鸡汉堡,小吃,fixed,6.9,份,甜,是
脆皮炸鲜奶（大份）,二楼,炸鸡麦香鸡汉堡,小吃,fixed,9.9,份,甜,是
酥脆杏鲍菇（小份）,二楼,炸鸡麦香鸡汉堡,小吃,fixed,6.9,份,不辣,是
酥脆杏鲍菇（大份）,二楼,炸鸡麦香鸡汉堡,小吃,fixed,9.9,份,不辣,是
摇摇薯条,二楼,炸鸡麦香鸡汉堡,小吃,fixed,5,份,不辣,是
劲脆鸡米花,二楼,炸鸡麦香鸡汉堡,小吃,fixed,6.9,份,不辣,是
甘梅地瓜条,二楼,炸鸡麦香鸡汉堡,小吃,fixed,5,份,甜,是
手擀双层牛肉堡,二楼,炸鸡麦香鸡汉堡,主食,fixed,12.9,份,不辣,是
奶酪芝士鸡块,二楼,炸鸡麦香鸡汉堡,小吃,fixed,5.9,份,甜,是
拌翅（2对）,二楼,炸鸡麦香鸡汉堡,小吃,fixed,7.9,份,不辣,是
拉丝芝士棒,二楼,炸鸡麦香鸡汉堡,小吃,fixed,5,份,甜,是
香辣翅根（1对）,二楼,炸鸡麦香鸡汉堡,小吃,fixed,6.9,份,香辣,是
青花椒拌翅（2对）,二楼,炸鸡麦香鸡汉堡,小吃,fixed,7.9,份,麻辣,是
无骨鸡柳条,二楼,炸鸡麦香鸡汉堡,小吃,fixed,7.9,份,不辣,是
手枪腿,二楼,炸鸡麦香鸡汉堡,小吃,fixed,9.9,份,不辣,是
香酥鸡柳（小份）,二楼,炸鸡麦香鸡汉堡,小吃,fixed,6.9,份,不辣,是
香酥鸡柳（大份）,二楼,炸鸡麦香鸡汉堡,小吃,fixed,9.9,份,不辣,是
香芋地瓜丸,二楼,炸鸡麦香鸡汉堡,小吃,fixed,4.9,份,甜,是
黄金薯塔,二楼,炸鸡麦香鸡汉堡,小吃,fixed,5,份,不辣,是
脆皮翅根（1对）,二楼,炸鸡麦香鸡汉堡,小吃,fixed,4.9,份,不辣,是
奥尔良琵琶腿,二楼,炸鸡麦香鸡汉堡,小吃,fixed,6.9,份,不辣,是
韩式炸鸡,二楼,炸鸡麦香鸡汉堡,小吃,fixed,6.9,份,不辣,是
海苔炸鸡（小份）,二楼,炸鸡麦香鸡汉堡,小吃,fixed,3,份,不辣,是
海苔炸鸡（大份）,二楼,炸鸡麦香鸡汉堡,小吃,fixed,5,份,不辣,是
中国鸡腿堡,二楼,炸鸡麦香鸡汉堡,主食,fixed,6.9,份,不辣,是
手擀鳕鱼堡,二楼,炸鸡麦香鸡汉堡,主食,fixed,8.9,份,不辣,是
手擀七虾堡,二楼,炸鸡麦香鸡汉堡,主食,fixed,9.9,份,不辣,是
洋葱圈,二楼,炸鸡麦香鸡汉堡,小吃,fixed,6.9,份,不辣,是
可乐中杯,二楼,炸鸡麦香鸡汉堡,饮品,fixed,3,份,甜,是
可乐大杯,二楼,炸鸡麦香鸡汉堡,饮品,fixed,4,份,甜,是
雪碧中杯,二楼,炸鸡麦香鸡汉堡,饮品,fixed,3,份,甜,是
雪碧大杯,二楼,炸鸡麦香鸡汉堡,饮品,fixed,4,份,甜,是
橙汁中杯,二楼,炸鸡麦香鸡汉堡,饮品,fixed,3,份,甜,是
橙汁大杯,二楼,炸鸡麦香鸡汉堡,饮品,fixed,4,份,甜,是
招牌肥汁米线,二楼,鲜满当港式肥汁米线,主食,fixed,13,份,不辣,是
肥汁鸡肉米线,二楼,鲜满当港式肥汁米线,主食,fixed,14,份,不辣,是
肥汁酥肉米线,二楼,鲜满当港式肥汁米线,主食,fixed,15,份,不辣,是
肥汁鱼片米线,二楼,鲜满当港式肥汁米线,主食,fixed,15,份,不辣,是
肥汁肥牛米线,二楼,鲜满当港式肥汁米线,主食,fixed,15,份,不辣,是
金汤肥牛米线,二楼,鲜满当港式肥汁米线,主食,fixed,14,份,不辣,是
金汤米线,二楼,鲜满当港式肥汁米线,主食,fixed,10,份,不辣,是
金汤酥肉米线,二楼,鲜满当港式肥汁米线,主食,fixed,12,份,不辣,是
金汤鸡肉米线,二楼,鲜满当港式肥汁米线,主食,fixed,12,份,不辣,是
金汤肉丝米线,二楼,鲜满当港式肥汁米线,主食,fixed,12,份,不辣,是
金汤三鲜米线,二楼,鲜满当港式肥汁米线,主食,fixed,13,份,不辣,是
金汤鱼片米线,二楼,鲜满当港式肥汁米线,主食,fixed,13,份,不辣,是
麻辣鸭血米线,二楼,鲜满当港式肥汁米线,主食,fixed,11,份,麻辣,是
麻辣米线,二楼,鲜满当港式肥汁米线,主食,fixed,10,份,麻辣,是
麻辣肉丝米线,二楼,鲜满当港式肥汁米线,主食,fixed,12,份,麻辣,是
麻辣酥肉米线,二楼,鲜满当港式肥汁米线,主食,fixed,12,份,麻辣,是
麻辣鱼片米线,二楼,鲜满当港式肥汁米线,主食,fixed,13,份,麻辣,是
麻辣三鲜米线,二楼,鲜满当港式肥汁米线,主食,fixed,13,份,麻辣,是
麻辣肥牛米线,二楼,鲜满当港式肥汁米线,主食,fixed,14,份,麻辣,是
番茄酥肉米线,二楼,鲜满当港式肥汁米线,主食,fixed,12,份,不辣,是
番茄米线,二楼,鲜满当港式肥汁米线,主食,fixed,9,份,不辣,是
番茄肉沫米线,二楼,鲜满当港式肥汁米线,主食,fixed,11,份,不辣,是
番茄鸡肉米线,二楼,鲜满当港式肥汁米线,主食,fixed,12,份,不辣,是
番茄肉丝米线,二楼,鲜满当港式肥汁米线,主食,fixed,12,份,不辣,是
番茄三鲜米线,二楼,鲜满当港式肥汁米线,主食,fixed,13,份,不辣,是
番茄鱼片米线,二楼,鲜满当港式肥汁米线,主食,fixed,13,份,不辣,是
番茄肥牛米线,二楼,鲜满当港式肥汁米线,主食,fixed,14,份,不辣,是
泡椒三鲜米线,二楼,鲜满当港式肥汁米线,主食,fixed,13,份,不辣,是
泡椒米线,二楼,鲜满当港式肥汁米线,主食,fixed,10,份,不辣,是
泡椒肉丝米线,二楼,鲜满当港式肥汁米线,主食,fixed,12,份,不辣,是
泡椒酥肉米线,二楼,鲜满当港式肥汁米线,主食,fixed,12,份,不辣,是
泡椒鸡肉米线,二楼,鲜满当港式肥汁米线,主食,fixed,12,份,不辣,是
泡椒鱼片米线,二楼,鲜满当港式肥汁米线,主食,fixed,13,份,不辣,是
泡椒肥牛米线,二楼,鲜满当港式肥汁米线,主食,fixed,14,份,不辣,是
椒麻鸡肉米线,二楼,鲜满当港式肥汁米线,主食,fixed,12,份,麻辣,是
椒麻米线,二楼,鲜满当港式肥汁米线,主食,fixed,10,份,麻辣,是
椒麻酥肉米线,二楼,鲜满当港式肥汁米线,主食,fixed,12,份,麻辣,是
椒麻肉丝米线,二楼,鲜满当港式肥汁米线,主食,fixed,12,份,麻辣,是
椒麻鱼片米线,二楼,鲜满当港式肥汁米线,主食,fixed,13,份,麻辣,是
椒麻三鲜米线,二楼,鲜满当港式肥汁米线,主食,fixed,13,份,麻辣,是
椒麻肥牛米线,二楼,鲜满当港式肥汁米线,主食,fixed,14,份,麻辣,是
菌菇肥牛米线,二楼,鲜满当港式肥汁米线,主食,fixed,14,份,不辣,是
菌菇鸡汤米线,二楼,鲜满当港式肥汁米线,主食,fixed,10,份,不辣,是
菌菇酥肉米线,二楼,鲜满当港式肥汁米线,主食,fixed,12,份,不辣,是
菌菇肉丝米线,二楼,鲜满当港式肥汁米线,主食,fixed,12,份,不辣,是
菌菇三鲜米线,二楼,鲜满当港式肥汁米线,主食,fixed,13,份,不辣,是
菌菇鱼片米线,二楼,鲜满当港式肥汁米线,主食,fixed,13,份,不辣,是
响铃卷,二楼,鲜满当港式肥汁米线,素菜,fixed,1,份,不辣,是
油条,二楼,鲜满当港式肥汁米线,素菜,fixed,1,份,不辣,是
煎鸡蛋,二楼,鲜满当港式肥汁米线,荤菜,fixed,1.5,份,不辣,是
鸭血,二楼,鲜满当港式肥汁米线,荤菜,fixed,2,份,不辣,是
炸蛋,二楼,鲜满当港式肥汁米线,荤菜,fixed,3,份,不辣,是
鸡肉,二楼,鲜满当港式肥汁米线,荤菜,fixed,3,份,不辣,是
酥肉,二楼,鲜满当港式肥汁米线,荤菜,fixed,4,份,不辣,是
瘦肉,二楼,鲜满当港式肥汁米线,荤菜,fixed,4,份,不辣,是
鱼片,二楼,鲜满当港式肥汁米线,荤菜,fixed,4,份,不辣,是
猪肝,二楼,鲜满当港式肥汁米线,荤菜,fixed,4,份,不辣,是
肥牛,二楼,鲜满当港式肥汁米线,荤菜,fixed,4,份,不辣,是
任意三素饭,二楼,卤肉饭,套餐,fixed,9,份,不辣,是
卤味鸡腿饭,二楼,卤肉饭,套餐,fixed,11,份,不辣,是
青椒肉丝饭,二楼,卤肉饭,套餐,fixed,11,份,微辣,是
烤肠饭,二楼,卤肉饭,套餐,fixed,12,份,不辣,是
回锅肉饭,二楼,卤肉饭,套餐,fixed,12,份,不辣,是
白切鸡饭,二楼,卤肉饭,套餐,fixed,13,份,不辣,是
香菇滑鸡饭,二楼,卤肉饭,套餐,fixed,13,份,不辣,是
卤水鸭腿饭,二楼,卤肉饭,套餐,fixed,13,份,不辣,是
辣子鸡饭,二楼,卤肉饭,套餐,fixed,13,份,香辣,是
泡椒鸡杂饭,二楼,卤肉饭,套餐,fixed,13,份,麻辣,是
任选一荤一素,二楼,卤肉饭,套餐,fixed,9,份,不辣,是
任选一荤两素,二楼,卤肉饭,套餐,fixed,10,份,不辣,是
任选两荤一素,二楼,卤肉饭,套餐,fixed,11,份,不辣,是
任选两荤两素,二楼,卤肉饭,套餐,fixed,12,份,不辣,是
经典酱香炒鸡,二楼,小锅炒鸡&小锅焖面,主食,fixed,10.9,份,不辣,是
金牌麻椒炒鸡,二楼,小锅炒鸡&小锅焖面,主食,fixed,11.9,份,麻辣,是
孜然酱香炒鸡,二楼,小锅炒鸡&小锅焖面,主食,fixed,11.9,份,不辣,是
浓香菌菇炒鸡,二楼,小锅炒鸡&小锅焖面,主食,fixed,11.9,份,不辣,是
黄金酥肉炒鸡,二楼,小锅炒鸡&小锅焖面,主食,fixed,11.9,份,不辣,是
浓香香辣炒鸡,二楼,小锅炒鸡&小锅焖面,主食,fixed,11.9,份,香辣,是
鱼香炒鸡,二楼,小锅炒鸡&小锅焖面,主食,fixed,11.9,份,微辣,是
肉酱时蔬焖面,二楼,小锅炒鸡&小锅焖面,主食,fixed,9.9,份,不辣,是
特色炒鸡焖面,二楼,小锅炒鸡&小锅焖面,主食,fixed,11.9,份,不辣,是
培根煎蛋焖面,二楼,小锅炒鸡&小锅焖面,主食,fixed,11.9,份,不辣,是
黄金酥肉焖面,二楼,小锅炒鸡&小锅焖面,主食,fixed,11.9,份,不辣,是
烤肠煎蛋焖面,二楼,小锅炒鸡&小锅焖面,主食,fixed,11.9,份,不辣,是
肉酱丸子焖面,二楼,小锅炒鸡&小锅焖面,主食,fixed,11.9,份,不辣,是
薯条,二楼,小锅炒鸡&小锅焖面,小吃,fixed,1,份,不辣,是
金针菇,二楼,小锅炒鸡&小锅焖面,小吃,fixed,1,份,不辣,是
烤肠,二楼,小锅炒鸡&小锅焖面,小吃,fixed,1,份,不辣,是
煎蛋,二楼,小锅炒鸡&小锅焖面,小吃,fixed,2,份,不辣,是
小酥肉,二楼,小锅炒鸡&小锅焖面,小吃,fixed,4,份,不辣,是
鸡块,二楼,小锅炒鸡&小锅焖面,小吃,fixed,4,份,不辣,是
培根,二楼,小锅炒鸡&小锅焖面,小吃,fixed,2,份,不辣,是
丸子,二楼,小锅炒鸡&小锅焖面,小吃,fixed,2,份,不辣,是
茄子酥肉堡,二楼,黑鸭煲,主食,fixed,12,份,不辣,是
黑鸭丸子堡,二楼,黑鸭煲,主食,fixed,13,份,微辣,是
黑鸭酥肉堡,二楼,黑鸭煲,主食,fixed,13,份,微辣,是
香菇鸡腿堡,二楼,黑鸭煲,主食,fixed,13,份,清淡,是
鸡腿肉黑鸭堡,二楼,黑鸭煲,主食,fixed,13,份,微辣,是
武汉黑鸭堡,二楼,黑鸭煲,主食,fixed,13,份,微辣,是
牡丹奶芙,二楼,腾腾鲜茶屋,饮品,fixed,13,杯,甜,是
茉莉纯茶,二楼,腾腾鲜茶屋,饮品,fixed,7,杯,甜,是
牡丹纯茶,二楼,腾腾鲜茶屋,饮品,fixed,7,杯,甜,是
椰汁西米露,二楼,腾腾鲜茶屋,饮品,fixed,10,杯,甜,是
韩式柚子茶,二楼,腾腾鲜茶屋,饮品,fixed,10,杯,甜,是
手打香水柠檬（去茶）,二楼,腾腾鲜茶屋,饮品,fixed,4,杯,甜,是
手打香水柠檬（茉莉）,二楼,腾腾鲜茶屋,饮品,fixed,7,杯,甜,是
手打香水柠檬（鸭屎香）,二楼,腾腾鲜茶屋,饮品,fixed,7,杯,甜,是
柠檬打奶,二楼,腾腾鲜茶屋,饮品,fixed,12,杯,甜,是
美式咖啡,二楼,腾腾鲜茶屋,饮品,fixed,9,杯,甜,是
招牌拿铁,二楼,腾腾鲜茶屋,饮品,fixed,13,杯,甜,是
香草拿铁,二楼,腾腾鲜茶屋,饮品,fixed,18,杯,甜,是
hey莓妹冰沙,二楼,腾腾鲜茶屋,饮品,fixed,13,杯,甜,是
芒雪霏霏冰沙,二楼,腾腾鲜茶屋,饮品,fixed,14,杯,甜,是
奇亚籽牛油果,二楼,腾腾鲜茶屋,饮品,fixed,17,杯,甜,是
芒芒牛油果,二楼,腾腾鲜茶屋,饮品,fixed,19,杯,甜,是
糖醋里脊,二楼,好实惠自主美食,荤菜,by_weight,1.6,两,咸,是
炸鸡块,二楼,好实惠自主美食,荤菜,by_weight,1.6,两,咸,是
炒香肠,二楼,好实惠自主美食,荤菜,by_weight,1.6,两,咸,是
水煮鱼,二楼,好实惠自主美食,荤菜,by_weight,1.6,两,咸,是
煎培根,二楼,好实惠自主美食,荤菜,by_weight,1.6,两,咸,是
炸藕夹,二楼,好实惠自主美食,素菜,by_weight,1.6,两,咸,是
干锅千叶豆腐,二楼,好实惠自主美食,素菜,by_weight,1.6,两,咸,是
干锅火锅丸子,二楼,好实惠自主美食,荤菜,by_weight,1.6,两,咸,是
荷包蛋,二楼,好实惠自主美食,素菜,by_weight,1.6,两,咸,是
小腊肉,二楼,好实惠自主美食,荤菜,by_weight,1.6,两,咸,是
炒豆干,二楼,好实惠自主美食,素菜,by_weight,1.6,两,咸,是
炒芹菜,二楼,好实惠自主美食,素菜,by_weight,1.6,两,咸,是
西红柿鸡蛋,二楼,好实惠自主美食,素菜,by_weight,1.6,两,咸,是
炒菜花,二楼,好实惠自主美食,素菜,by_weight,1.6,两,咸,是
凉拌土豆丝,二楼,好实惠自主美食,素菜,by_weight,1.6,两,咸,是
烧茄子,二楼,好实惠自主美食,素菜,by_weight,1.6,两,咸,是
水果拼盘（小份）,二楼,好实惠自主美食,水果,fixed,7,份,甜,是
水果拼盘（大份）,二楼,好实惠自主美食,水果,fixed,10,份,甜,是
凉拌萝卜丝,二楼,好实惠自主美食,素菜,by_weight,1.6,两,咸,是
炒土豆丝,二楼,好实惠自主美食,素菜,by_weight,1.6,两,咸,是
